Haplogroup	Date Mean
Root	-198050
C1a	-33258
CT	-30719
C2	-17477
I	-12670
C	-12571
C2b	-11979
I2a	-11748
I1	-11065
C1a1a	-9958
DE	-9313
I2	-8443
IJK	-8443
I2a2	-8330
I2a1b2	-8330
I2a1b1	-7630
F	-7211
N1c2b2	-6851
R1b1	-6754
I2a1b	-6329
A00	-5963
B	-5870
R1b1b	-5727
I2a1	-5711
N1c	-5595
N1c1a1	-5429
I2a1a2	-5413
BT	-5324
H2	-5295
G2a	-5196
R1b	-5177
C1a2b	-5141
C1a2	-5108
T1a1	-5097
G2a2a1	-5069
I2a2a	-5051
G2	-5025
G2a2b2a1	-5025
G2a2b	-5025
G2a2a	-5025
G2a2b2b2	-5000
I2a2b	-5000
Q1a1a1	-4977
C2b1	-4955
I2a1a2a	-4650
H1b1	-4600
J	-4558
J2a	-4516
G2a2b2a1a	-4500
G2a2b2a	-4500
G2a2a1a	-4376
I2a1b1a	-4126
I2a1b1b	-4115
Q1a2a1c	-4019
L1a	-3925
I2a1a1	-3859
I2a2a1a1a2	-3831
G1	-3710
I2a1a1b	-3659
I2a1a	-3616
Q1a2a	-3609
J2a1	-3600
I2a2a1	-3578
I2a2a1a1a	-3578
HIJK	-3533
H	-3517
I2a1a1a1b	-3500
I2a1b1a2	-3430
C2e2	-3300
O2a	-3300
O1b1a2	-3300
I2a2a1b	-3258
L1	-3214
G2b	-3213
R1	-3190
G2a2	-2990
R1b1a2	-2951
Q1a	-2908
Q1b1	-2899
I2a1a1a1a1	-2800
I2a1a2a1a	-2800
R1b1a2a2c1	-2795
R1b1a2a2	-2768
Q1b2a	-2747
R1b1a2a1a	-2721
R1a	-2700
O2a2b1a1a1a2a	-2639
O2a2b1a1a	-2529
G2a2b2a1a1c1a	-2485
Q1a2	-2430
P1/K2b2a	-2406
R1b1a1	-2397
Q1b	-2274
R1b1a2a1a2	-2267
J2b	-2232
N1c1a1a	-2220
C2e1b2	-2100
E1b1b1a1b1	-2031
O2a2b1a1	-1958
R1b1c	-1950
R1b1a2a	-1889
E1b1b1	-1600
T1a1a	-1600
O2a1c	-1594
R/K2b2a2	-1498
I2a2a1a2a1a1	-1250
R1b1a2a1	-1250
B2b	-1147
R1a1a1b	-800
Q1b1a1a1	-784
C2b1a1b1	-700
Q1b1a2	-560
Q1b1b2a	-496
R1a1a1b2	-350
J2a1h2	-302
J2a1h	-300
J1a2b1	-298
G2a2b2a1a1b	-275
C2b1c	-271
A1b1b2	-87
Q1a2b2	-77
Q1b1a1a	-10
Q1a1b1	163
J2b1	200
G2a1a1a1a1a1	400
K2b	463
G2a2b2a1a1b1a2a1a	600
I1a2a1a2	600
R1b1a2a1a2c1g3	600
R1b1a2a1a2e2	600
R1b1a2a2c1a1a	600
G2a1a1	605
T1a2b	605
R1b1a2a1a2c1g1a1	605
I1a3	605
R1b1a2a1a1c2b1b	750
R1a1a1b1a3b2	750
I1a2a	765
J2b2a1a1	800
R1b1a2a1a1c2b2b1a2	800
R1b1a2a1a1c2b2b1a1	800
R1b1a2a1a1c2b2a1a2	800
R1b1a2a1a1c2b2a1a1	800
I2a2a1b2a1	800
E1b1a1a1c1a	850
L2	853
R1b1a2a1a1c	875
R1b1a2a1a1c1a	900
R1b1a2a1a1a	900
R1b1a2a1a2e	900
R1b1a2a1b1	900
J2	950
R1a1a1b1a2b3a	950
R1a1a1b1a3	950
I1a2a2	950
E1b1b1a1b1a	950
R1a1a1b1a3a1a1a	975
R1a1	975
R1a1a1b1a2b	975
R1b1a2a1a1c2b2a1	1000
R1a1a1b1a2a	1000
R1b1a2a1a2c1f2c2	1000
I1a1b1	1000
R1b1a2a1a2c1a1a1a1a1	1000
R1b1a2a1a2c1	1000
R1b1a2a1a2c1a1a1a1a1a	1000
R1b1a2a1a2c1a1a1a1a	1000
R1b1a2a1a2c1b	1000
R1b1a2a1a1b	1000
R1b1a2a1a2c1b2b1	1000
R1b1a2a1a2c1f2c1	1000
R1b1a2a1a2c1b2c1a1	1000
R1b1a2a1a2a1a2	1000
R1b1a2a1a2c	1000
R1b1a2a1a1e	1025
R1b1a2a1a2a1	1050
T1a2b1	1050
I1a1	1050
I1a1b	1050
R1a1a1b1a3a2	1050
G2a2b2a1a1b1a	1050
R1a1a1b1	1050
R1a1a1	1050
R1a1a	1050
IJ	1050
I1a2a1a1a	1063
Q1b1a	1067
I1a3a2b	1100
I2a2a1b2	1100
R1b1a2a1a1c2b2b1a	1100
R1b1a2a1a2a1a1a	1100
I1a	1116
R1b1a2a1a1	1150
R1b1a2a1a2c1f2	1150
I1a2	1150
R1b1a2a1a1c2b2a1a1a1	1175
Q1a2a1a	1417
R1a1a1b1a	1600
R1a1a1b1a3a	1600
R1a1a1b1a3a1	1600
